id,title
1,Subin
2,It
3,Sonair
4,Bitwolf
5,Konklab
6,Zontrax
7,Tres-Zap
8,Cardify
9,Keylex
10,Lotlux
11,Treeflex
12,Tin
13,Greenlam
14,Alphazap
15,Tresom
16,Biodex
17,Regrant
18,Namfix
19,Otcom
20,Span
21,Sonsing
22,Gembucket
23,Overhold
24,Alphazap
25,Alphazap
26,Stronghold
27,Trippledex
28,Tempsoft
29,Latlux
30,Asoka
31,Sub-Ex
32,Zamit
33,Mat Lam Tam
34,Voltsillam
35,Kanlam
36,Span
37,Y-find
38,Wrapsafe
39,Redhold
40,Mat Lam Tam
41,Toughjoyfax
42,Tres-Zap
43,Tres-Zap
44,Ventosanzap
45,Subin
46,Keylex
47,Overhold
48,Holdlamis
49,Alphazap
50,Overhold
51,Redhold
52,Pannier
53,Tempsoft
54,Bamity
55,Subin
56,Pannier
57,Zoolab
58,Flowdesk
59,Konklab
60,Stringtough
61,Regrant
62,Temp
63,Ronstring
64,Asoka
65,Ronstring
66,Tempsoft
67,Namfix
68,Prodder
69,Y-find
70,Pannier
71,Tampflex
72,Voltsillam
73,Duobam
74,Ventosanzap
75,Bitwolf
76,Home Ing
77,Konklux
78,Toughjoyfax
79,Hatity
80,Opela
81,Konklab
82,Vagram
83,Tresom
84,Sonsing
85,Holdlamis
86,Voyatouch
87,Tampflex
88,Redhold
89,Rank
90,Span
91,Lotlux
92,Solarbreeze
93,Bytecard
94,Sub-Ex
95,Vagram
96,Zontrax
97,Prodder
98,Flexidy
99,Bitwolf
100,Stringtough
101,Veribet
102,Zathin
103,Cardify
104,Konklab
105,Span
106,Transcof
107,Cardguard
108,Subin
109,Treeflex
110,Lotstring
111,Keylex
112,Pannier
113,Viva
114,Solarbreeze
115,Asoka
116,Holdlamis
117,Aerified
118,Tresom
119,Asoka
120,Span
121,Asoka
122,Quo Lux
123,Greenlam
124,Temp
125,Tresom
126,Alphazap
127,Namfix
128,Zamit
129,Zathin
130,Zontrax
131,Mat Lam Tam
132,Domainer
133,Lotlux
134,Treeflex
135,Trippledex
136,Bytecard
137,Konklab
138,Cookley
139,Greenlam
140,Sub-Ex
141,Ventosanzap
142,Redhold
143,Tres-Zap
144,Voltsillam
145,Prodder
146,Bitchip
147,Stringtough
148,Latlux
149,Subin
150,Flexidy
151,Zamit
152,Greenlam
153,Prodder
154,Biodex
155,Tres-Zap
156,Bytecard
157,Bamity
158,Span
159,Sonair
160,Quo Lux
161,Fix San
162,Cardify
163,Zontrax
164,Zathin
165,Tempsoft
166,Alphazap
167,Cardguard
168,Duobam
169,Fixflex
170,Fixflex
171,Home Ing
172,Gembucket
173,Job
174,Stronghold
175,Tresom
176,Sonsing
177,Sonsing
178,Stronghold
179,Cardguard
180,Cookley
181,Fix San
182,Transcof
183,Y-Solowarm
184,Sonsing
185,Fix San
186,Asoka
187,Stronghold
188,Alphazap
189,Zoolab
190,Gembucket
191,Flexidy
192,Alpha
193,Opela
194,Bitchip
195,Konklab
196,Flexidy
197,Hatity
198,Mat Lam Tam
199,Tres-Zap
200,Voyatouch